ticket_no;book_ref;passenger_id;passenger_name;contact_data
TKT-0000001;B00017;Fourteenth;Charlotte;"{""name"": ""Charlotte"", ""phone"": ""+1-202-555-0163"", ""email"": ""charlotte@example.com""}"
TKT-0000002;B00004;Fourteenth;Charlotte;"{""name"": ""Charlotte"", ""phone"": ""+1-202-555-0163"", ""email"": ""charlotte@example.com""}"
TKT-0000003;B00045;Fifth;James;"{""name"": ""James"", ""phone"": ""+1-202-555-0175"", ""email"": ""james@example.com""}"
TKT-0000004;B00030;Thirteenth;Oliver;"{""name"": ""Oliver"", ""phone"": ""+1-202-555-0152"", ""email"": ""oliver@example.com""}"
TKT-0000005;B00026;Seventh;Benjamin;"{""name"": ""Benjamin"", ""phone"": ""+1-202-555-0197"", ""email"": ""benjamin@example.com""}"
TKT-0000006;B00022;Third;William;"{""name"": ""William"", ""phone"": ""+1-202-555-0153"", ""email"": ""william@example.com""}"
TKT-0000007;B00042;Thirteenth;Oliver;"{""name"": ""Oliver"", ""phone"": ""+1-202-555-0152"", ""email"": ""oliver@example.com""}"
TKT-0000008;B00007;First;Alexander;"{""name"": ""Alexander"", ""phone"": ""+1-202-555-0131"", ""email"": ""alexander@example.com""}"
TKT-0000009;B00027;Twelfth;Isabella;"{""name"": ""Isabella"", ""phone"": ""+1-202-555-0141"", ""email"": ""isabella@example.com""}"
TKT-0000010;B00007;Twelfth;Isabella;"{""name"": ""Isabella"", ""phone"": ""+1-202-555-0141"", ""email"": ""isabella@example.com""}"
TKT-0000011;B00024;Fourth;Emma;"{""name"": ""Emma"", ""phone"": ""+1-202-555-0164"", ""email"": ""emma@example.com""}"
TKT-0000012;B00028;Fourth;Emma;"{""name"": ""Emma"", ""phone"": ""+1-202-555-0164"", ""email"": ""emma@example.com""}"
TKT-0000013;B00050;Tenth;Mia;"{""name"": ""Mia"", ""phone"": ""+1-202-555-0120"", ""email"": ""mia@example.com""}"
TKT-0000014;B00018;Eighth;Sophia;"{""name"": ""Sophia"", ""phone"": ""+1-202-555-0108"", ""email"": ""sophia@example.com""}"
TKT-0000015;B00031;Fourth;Emma;"{""name"": ""Emma"", ""phone"": ""+1-202-555-0164"", ""email"": ""emma@example.com""}"
TKT-0000016;B00029;Fifteenth;Elijah;"{""name"": ""Elijah"", ""phone"": ""+1-202-555-0174"", ""email"": ""elijah@example.com""}"
TKT-0000017;B00027;Eleventh;Henry;"{""name"": ""Henry"", ""phone"": ""+1-202-555-0130"", ""email"": ""henry@example.com""}"
TKT-0000018;B00017;Thirteenth;Oliver;"{""name"": ""Oliver"", ""phone"": ""+1-202-555-0152"", ""email"": ""oliver@example.com""}"
TKT-0000019;B00015;Fifth;James;"{""name"": ""James"", ""phone"": ""+1-202-555-0175"", ""email"": ""james@example.com""}"
TKT-0000020;B00031;Fourteenth;Charlotte;"{""name"": ""Charlotte"", ""phone"": ""+1-202-555-0163"", ""email"": ""charlotte@example.com""}"
